id,games_id,teams_id,points,dreb,oreb,steals,blocks,assists,fg3a,fg3m,fgm,fga,fta,ftm,turnovers,fouls,created_at,updated_at
1,1,6,98,32,10,4,6,23,45,13,35,86,21,15,7,19,2026-05-01 22:49:59.163408,2026-05-01 22:49:59.163408
2,1,2,109,39,10,2,0,25,38,15,37,84,22,20,10,20,2026-05-01 22:49:59.163408,2026-05-01 22:49:59.163408
3,2,14,110,30,12,10,5,20,44,15,35,81,30,25,13,20,2026-05-01 22:49:59.163408,2026-05-01 22:49:59.163408
4,2,20,97,37,10,7,2,23,34,8,35,82,21,19,18,23,2026-05-01 22:49:59.163408,2026-05-01 22:49:59.163408
5,3,16,121,36,13,9,5,31,33,12,43,93,25,23,11,23,2026-05-01 22:49:59.163408,2026-05-01 22:49:59.163408
6,3,9,110,26,13,5,12,26,37,11,40,90,24,19,11,23,2026-05-01 22:49:59.163408,2026-05-01 22:49:59.163408
7,4,28,122,34,8,11,4,39,36,10,48,95,22,16,8,19,2026-05-01 22:49:59.163408,2026-05-01 22:49:59.163408
8,4,7,92,34,13,5,7,22,30,5,35,88,20,17,19,20,2026-05-01 22:49:59.163408,2026-05-01 22:49:59.163408
12,7,19,138,32,12,11,6,25,23,7,47,89,47,37,8,20,2026-05-01 22:49:59.163408,2026-05-01 22:49:59.163408
13,7,30,118,28,13,2,3,27,42,14,41,91,27,22,17,31,2026-05-01 22:49:59.163408,2026-05-01 22:49:59.163408
14,8,17,91,27,9,10,3,22,44,13,36,84,13,6,16,23,2026-05-01 22:49:59.163408,2026-05-01 22:49:59.163408
15,8,22,130,39,10,11,2,31,33,14,45,80,35,26,15,19,2026-05-01 22:49:59.163408,2026-05-01 22:49:59.163408
16,9,27,145,26,6,4,6,38,40,21,51,88,27,22,7,26,2026-05-01 22:49:59.163408,2026-05-01 22:49:59.163408
17,9,11,120,29,8,5,5,25,28,8,42,87,32,28,12,23,2026-05-01 22:49:59.163408,2026-05-01 22:49:59.163408
18,10,25,131,40,13,5,8,29,41,15,47,93,27,22,12,19,2026-05-01 22:49:59.163408,2026-05-01 22:49:59.163408
19,10,12,111,26,12,9,6,27,42,14,41,95,24,15,10,22,2026-05-01 22:49:59.163408,2026-05-01 22:49:59.163408
20,11,26,126,42,13,5,6,33,29,11,47,105,23,21,3,21,2026-05-01 22:49:59.163408,2026-05-01 22:49:59.163408
21,11,5,110,40,9,2,6,27,45,17,35,84,34,23,14,19,2026-05-01 22:49:59.163408,2026-05-01 22:49:59.163408
22,12,24,111,30,10,5,5,24,41,16,36,79,26,23,6,17,2026-05-01 22:49:59.163408,2026-05-01 22:49:59.163408
23,12,4,99,28,13,1,6,24,45,15,37,88,15,10,11,21,2026-05-01 22:49:59.163408,2026-05-01 22:49:59.163408
24,13,18,92,29,8,10,5,17,40,9,30,84,31,23,12,21,2026-05-01 22:49:59.163408,2026-05-01 22:49:59.163408
25,13,22,119,43,15,8,4,28,34,9,42,91,31,26,14,24,2026-05-01 22:49:59.163408,2026-05-01 22:49:59.163408
26,14,9,105,26,11,14,6,21,26,10,36,85,31,23,12,22,2026-05-01 22:49:59.163408,2026-05-01 22:49:59.163408
27,14,3,107,33,12,7,10,20,30,10,35,80,28,27,19,24,2026-05-01 22:49:59.163408,2026-05-01 22:49:59.163408
28,15,1,125,27,12,11,2,32,32,13,46,83,25,20,21,18,2026-05-01 22:49:59.163408,2026-05-01 22:49:59.163408
29,15,23,116,26,10,10,4,27,26,10,47,86,18,12,19,20,2026-05-01 22:49:59.163408,2026-05-01 22:49:59.163408
30,16,15,120,23,11,8,6,29,43,16,42,87,24,20,15,29,2026-05-01 22:49:59.163408,2026-05-01 22:49:59.163408
31,16,13,123,28,16,10,2,15,17,4,41,82,45,37,15,20,2026-05-01 22:49:59.163408,2026-05-01 22:49:59.163408
32,17,17,113,41,7,7,5,33,44,15,41,85,28,16,11,20,2026-05-01 22:49:59.163408,2026-05-01 22:49:59.163408
33,17,29,99,40,13,7,3,23,49,12,31,90,29,25,11,19,2026-05-01 22:49:59.163408,2026-05-01 22:49:59.163408
34,18,21,104,35,7,7,1,24,42,15,33,78,24,23,14,18,2026-05-01 22:49:59.163408,2026-05-01 22:49:59.163408
35,18,10,97,32,15,8,3,28,45,14,36,88,18,11,11,18,2026-05-01 22:49:59.163408,2026-05-01 22:49:59.163408
36,19,2,120,44,14,6,10,29,48,16,47,99,15,10,8,10,2026-05-01 22:49:59.163408,2026-05-01 22:49:59.163408
37,19,7,100,37,8,2,5,23,35,14,38,93,12,10,10,16,2026-05-01 22:49:59.163408,2026-05-01 22:49:59.163408
38,20,4,120,36,12,5,9,24,52,19,41,96,20,19,12,18,2026-05-01 22:49:59.163408,2026-05-01 22:49:59.163408
39,20,16,128,33,11,7,5,31,38,18,45,97,25,20,6,14,2026-05-01 22:49:59.163408,2026-05-01 22:49:59.163408
40,21,11,106,36,8,9,9,23,19,5,41,76,26,19,22,25,2026-05-01 22:49:59.163408,2026-05-01 22:49:59.163408
41,21,25,99,27,16,17,2,20,39,12,33,83,37,21,14,20,2026-05-01 22:49:59.163408,2026-05-01 22:49:59.163408
42,23,24,118,26,15,9,6,27,58,20,40,90,26,18,12,23,2026-05-01 22:49:59.163408,2026-05-01 22:49:59.163408
43,23,19,116,26,16,8,3,18,28,10,37,83,37,32,14,24,2026-05-01 22:49:59.163408,2026-05-01 22:49:59.163408
44,24,27,116,37,15,6,7,29,41,17,46,95,14,7,12,17,2026-05-01 22:49:59.163408,2026-05-01 22:49:59.163408
45,24,13,112,34,7,12,3,22,33,12,42,86,20,16,9,15,2026-05-01 22:49:59.163408,2026-05-01 22:49:59.163408
46,25,14,128,37,6,5,2,25,37,17,45,85,23,21,12,22,2026-05-01 22:49:59.163408,2026-05-01 22:49:59.163408
47,25,12,117,28,12,10,4,33,35,8,46,98,24,17,7,19,2026-05-01 22:49:59.163408,2026-05-01 22:49:59.163408
48,26,22,115,33,14,10,2,31,39,13,44,97,16,14,12,21,2026-05-01 22:49:59.163408,2026-05-01 22:49:59.163408
49,26,7,114,33,11,6,9,28,32,14,39,86,28,22,13,17,2026-05-01 22:49:59.163408,2026-05-01 22:49:59.163408
51,28,8,103,23,8,6,1,30,40,8,37,83,30,21,15,19,2026-05-01 22:49:59.163408,2026-05-01 22:49:59.163408
52,28,20,142,36,14,11,4,44,34,16,55,95,21,16,10,24,2026-05-01 22:49:59.163408,2026-05-01 22:49:59.163408
53,29,30,112,28,15,8,1,22,42,18,36,77,32,22,19,20,2026-05-01 22:49:59.163408,2026-05-01 22:49:59.163408
54,29,29,122,28,17,12,4,31,35,15,47,92,18,13,11,22,2026-05-01 22:49:59.163408,2026-05-01 22:49:59.163408
55,30,16,126,33,12,13,8,29,27,9,48,91,24,21,12,20,2026-05-01 22:49:59.163408,2026-05-01 22:49:59.163408
56,30,3,110,28,21,9,2,30,41,16,41,95,18,12,20,19,2026-05-01 22:49:59.163408,2026-05-01 22:49:59.163408
57,31,11,113,32,17,11,2,26,34,14,44,96,15,11,17,17,2026-05-01 22:49:59.163408,2026-05-01 22:49:59.163408
58,31,10,115,29,18,10,5,29,38,14,45,94,15,11,19,23,2026-05-01 22:49:59.163408,2026-05-01 22:49:59.163408
59,32,18,115,35,6,10,5,24,31,13,42,81,23,18,12,22,2026-05-01 22:49:59.163408,2026-05-01 22:49:59.163408
60,32,28,107,29,11,6,5,22,21,9,41,83,24,16,12,19,2026-05-01 22:49:59.163408,2026-05-01 22:49:59.163408
61,33,27,121,38,8,5,11,24,37,13,42,84,30,24,8,20,2026-05-01 22:49:59.163408,2026-05-01 22:49:59.163408
62,33,9,106,30,14,4,4,20,28,12,35,87,30,24,10,23,2026-05-01 22:49:59.163408,2026-05-01 22:49:59.163408
63,34,24,103,34,14,7,3,24,46,13,36,92,27,18,14,19,2026-05-01 22:49:59.163408,2026-05-01 22:49:59.163408
64,34,5,105,37,9,8,3,23,28,7,41,86,25,16,12,22,2026-05-01 22:49:59.163408,2026-05-01 22:49:59.163408
65,35,8,120,34,7,3,1,27,31,14,39,75,31,28,18,16,2026-05-01 22:49:59.163408,2026-05-01 22:49:59.163408
66,35,14,113,26,6,12,1,30,31,13,45,87,15,10,10,21,2026-05-01 22:49:59.163408,2026-05-01 22:49:59.163408
67,36,26,123,32,10,5,3,29,31,8,50,99,23,15,7,19,2026-05-01 22:49:59.163408,2026-05-01 22:49:59.163408
68,36,19,133,38,14,7,11,27,34,12,49,98,27,23,11,18,2026-05-01 22:49:59.163408,2026-05-01 22:49:59.163408
69,38,3,126,33,10,10,9,35,33,17,47,85,19,15,19,21,2026-05-01 22:49:59.163408,2026-05-01 22:49:59.163408
70,38,15,115,23,13,9,8,25,35,14,40,92,25,21,14,15,2026-05-01 22:49:59.163408,2026-05-01 22:49:59.163408
71,39,21,129,34,3,3,9,27,47,19,47,93,21,16,3,20,2026-05-01 22:49:59.163408,2026-05-01 22:49:59.163408
72,39,8,126,40,16,3,3,29,37,15,45,98,29,21,7,20,2026-05-01 22:49:59.163408,2026-05-01 22:49:59.163408
73,40,29,119,37,13,8,4,29,34,12,40,83,29,27,17,17,2026-05-01 22:49:59.163408,2026-05-01 22:49:59.163408
74,40,10,116,27,19,11,2,33,52,16,43,99,21,14,9,20,2026-05-01 22:49:59.163408,2026-05-01 22:49:59.163408
75,41,13,126,27,9,12,4,25,39,18,43,93,26,22,8,19,2026-05-01 22:49:59.163408,2026-05-01 22:49:59.163408
76,41,20,118,37,14,5,1,32,40,14,46,90,16,12,19,23,2026-05-01 22:49:59.163408,2026-05-01 22:49:59.163408
77,43,20,100,36,12,5,3,23,35,10,37,88,22,16,13,24,2026-05-01 22:49:59.163408,2026-05-01 22:49:59.163408
78,43,21,103,35,3,8,0,21,42,16,33,73,25,21,15,22,2026-05-01 22:49:59.163408,2026-05-01 22:49:59.163408
79,44,2,89,36,9,1,3,18,36,10,30,79,20,19,15,14,2026-05-01 22:49:59.163408,2026-05-01 22:49:59.163408
80,44,4,118,32,11,10,4,26,49,19,41,89,21,17,4,19,2026-05-01 22:49:59.163408,2026-05-01 22:49:59.163408
81,45,23,106,31,12,6,7,24,35,9,40,88,21,17,14,17,2026-05-01 22:49:59.163408,2026-05-01 22:49:59.163408
82,45,29,102,29,13,7,6,22,39,12,36,88,19,18,14,24,2026-05-01 22:49:59.163408,2026-05-01 22:49:59.163408
83,46,15,114,25,13,12,6,25,32,14,39,87,33,22,17,23,2026-05-01 22:49:59.163408,2026-05-01 22:49:59.163408
84,46,25,122,33,20,10,11,29,43,15,48,95,18,11,16,22,2026-05-01 22:49:59.163408,2026-05-01 22:49:59.163408
85,47,6,115,32,9,4,8,28,44,16,38,84,25,23,9,16,2026-05-01 22:49:59.163408,2026-05-01 22:49:59.163408
86,47,23,101,31,11,7,4,20,38,11,39,85,18,12,14,21,2026-05-01 22:49:59.163408,2026-05-01 22:49:59.163408
87,48,17,113,29,12,8,2,27,39,13,43,86,20,14,15,15,2026-05-01 22:49:59.163408,2026-05-01 22:49:59.163408
88,48,1,131,29,11,9,7,33,45,20,50,92,16,11,11,17,2026-05-01 22:49:59.163408,2026-05-01 22:49:59.163408
90,51,4,117,36,13,11,7,32,51,20,42,88,19,13,14,31,2026-05-01 22:49:59.163408,2026-05-01 22:49:59.163408
91,51,7,90,35,7,7,4,19,22,3,28,74,42,31,14,19,2026-05-01 22:49:59.163408,2026-05-01 22:49:59.163408
92,52,6,113,27,11,7,4,27,46,17,38,86,26,20,10,20,2026-05-01 22:49:59.163408,2026-05-01 22:49:59.163408
93,52,9,109,34,10,9,7,29,24,9,39,77,29,22,13,23,2026-05-01 22:49:59.163408,2026-05-01 22:49:59.163408
94,53,22,126,35,3,3,6,33,25,10,42,76,37,32,8,22,2026-05-01 22:49:59.163408,2026-05-01 22:49:59.163408
95,53,30,109,29,13,4,6,23,32,7,43,92,25,16,12,24,2026-05-01 22:49:59.163408,2026-05-01 22:49:59.163408
96,54,16,124,32,14,13,8,28,36,13,45,91,24,21,12,19,2026-05-01 22:49:59.163408,2026-05-01 22:49:59.163408
97,54,3,98,28,10,6,5,24,32,6,33,86,30,26,18,19,2026-05-01 22:49:59.163408,2026-05-01 22:49:59.163408
98,55,28,95,23,5,8,3,24,28,8,35,77,19,17,13,15,2026-05-01 22:49:59.163408,2026-05-01 22:49:59.163408
99,55,20,111,37,6,10,4,32,29,10,46,81,12,9,16,17,2026-05-01 22:49:59.163408,2026-05-01 22:49:59.163408
100,56,23,91,31,9,8,5,20,42,10,33,95,19,15,13,16,2026-05-01 22:49:59.163408,2026-05-01 22:49:59.163408
101,56,27,131,50,6,10,10,36,45,18,49,89,18,15,15,20,2026-05-01 22:49:59.163408,2026-05-01 22:49:59.163408
102,57,5,108,43,10,3,3,27,49,17,39,90,19,13,19,22,2026-05-01 22:49:59.163408,2026-05-01 22:49:59.163408
103,57,21,116,39,12,10,3,23,42,10,43,99,24,20,9,13,2026-05-01 22:49:59.163408,2026-05-01 22:49:59.163408
104,58,18,117,39,13,8,2,19,34,10,40,84,34,27,16,24,2026-05-01 22:49:59.163408,2026-05-01 22:49:59.163408
105,58,15,110,28,5,9,4,27,38,15,36,79,29,23,17,26,2026-05-01 22:49:59.163408,2026-05-01 22:49:59.163408
106,59,14,110,37,11,7,12,29,37,11,39,83,26,21,21,17,2026-05-01 22:49:59.163408,2026-05-01 22:49:59.163408
107,59,19,101,31,10,12,3,29,29,8,38,90,19,17,18,24,2026-05-01 22:49:59.163408,2026-05-01 22:49:59.163408
108,60,26,103,27,13,11,2,25,27,7,41,90,18,14,14,14,2026-05-01 22:49:59.163408,2026-05-01 22:49:59.163408
109,60,24,114,35,18,11,3,31,49,19,42,92,17,11,19,13,2026-05-01 22:49:59.163408,2026-05-01 22:49:59.163408
110,61,30,118,20,7,15,4,20,35,19,44,91,14,11,12,24,2026-05-01 22:49:59.163408,2026-05-01 22:49:59.163408
111,61,11,123,38,21,10,5,21,25,9,45,92,28,24,20,17,2026-05-01 22:49:59.163408,2026-05-01 22:49:59.163408
112,62,17,81,32,9,7,3,18,36,13,27,74,19,14,16,13,2026-05-01 22:49:59.163408,2026-05-01 22:49:59.163408
113,62,2,108,35,19,7,6,31,50,20,41,95,9,6,10,16,2026-05-01 22:49:59.163408,2026-05-01 22:49:59.163408
114,63,29,125,25,8,11,3,24,39,15,44,86,26,22,9,28,2026-05-01 22:49:59.163408,2026-05-01 22:49:59.163408
115,63,8,128,30,8,4,2,25,39,16,40,74,35,32,15,20,2026-05-01 22:49:59.163408,2026-05-01 22:49:59.163408
116,64,10,101,25,15,7,2,26,48,17,36,93,17,12,12,17,2026-05-01 22:49:59.163408,2026-05-01 22:49:59.163408
117,64,13,114,37,15,9,7,18,31,9,42,85,23,21,14,17,2026-05-01 22:49:59.163408,2026-05-01 22:49:59.163408
118,65,20,114,36,18,13,3,27,48,17,43,97,19,11,13,19,2026-05-01 22:49:59.163408,2026-05-01 22:49:59.163408
119,65,27,89,31,10,7,5,25,34,9,32,77,22,16,22,21,2026-05-01 22:49:59.163408,2026-05-01 22:49:59.163408
120,66,3,102,29,3,10,4,27,32,11,38,75,20,15,17,28,2026-05-01 22:49:59.163408,2026-05-01 22:49:59.163408
121,66,6,106,30,8,9,7,25,27,13,34,70,37,25,15,21,2026-05-01 22:49:59.163408,2026-05-01 22:49:59.163408
122,67,5,120,43,7,14,8,34,49,18,43,84,23,16,18,14,2026-05-01 22:49:59.163408,2026-05-01 22:49:59.163408
123,67,17,97,34,11,9,3,26,46,13,35,95,17,14,19,19,2026-05-01 22:49:59.163408,2026-05-01 22:49:59.163408
124,68,8,108,33,11,2,4,21,22,6,41,85,27,20,13,14,2026-05-01 22:49:59.163408,2026-05-01 22:49:59.163408
125,68,18,117,34,7,11,5,33,36,14,46,85,19,11,13,21,2026-05-01 22:49:59.163408,2026-05-01 22:49:59.163408
126,69,12,106,24,7,5,9,29,39,15,39,80,19,13,18,13,2026-05-01 22:49:59.163408,2026-05-01 22:49:59.163408
127,69,15,125,27,13,12,9,34,35,15,48,94,14,14,12,16,2026-05-01 22:49:59.163408,2026-05-01 22:49:59.163408
128,70,1,135,41,13,10,5,36,40,15,51,92,23,18,13,25,2026-05-01 22:49:59.163408,2026-05-01 22:49:59.163408
129,70,25,101,29,9,5,6,23,37,13,35,87,26,18,17,15,2026-05-01 22:49:59.163408,2026-05-01 22:49:59.163408
130,71,22,92,32,9,8,4,20,36,10,29,77,30,24,19,17,2026-05-01 22:49:59.163408,2026-05-01 22:49:59.163408
131,71,9,106,42,14,14,6,24,30,4,42,93,24,18,13,21,2026-05-01 22:49:59.163408,2026-05-01 22:49:59.163408
132,72,2,114,40,19,4,7,27,49,16,40,91,21,18,13,19,2026-05-01 22:49:59.163408,2026-05-01 22:49:59.163408
133,72,23,98,27,10,10,4,21,31,12,35,88,22,16,6,17,2026-05-01 22:49:59.163408,2026-05-01 22:49:59.163408
134,73,7,87,40,9,6,1,20,31,9,33,85,16,12,17,18,2026-05-01 22:49:59.163408,2026-05-01 22:49:59.163408
135,73,21,100,39,7,9,8,22,39,8,41,92,15,10,8,17,2026-05-01 22:49:59.163408,2026-05-01 22:49:59.163408
136,74,13,137,28,10,11,3,29,36,17,48,89,29,24,8,22,2026-05-01 22:49:59.163408,2026-05-01 22:49:59.163408
137,74,19,117,27,14,6,4,22,33,12,40,89,30,25,16,21,2026-05-01 22:49:59.163408,2026-05-01 22:49:59.163408
138,75,14,128,28,9,14,9,34,39,18,47,94,22,16,9,12,2026-05-01 22:49:59.163408,2026-05-01 22:49:59.163408
139,75,26,104,36,16,4,8,30,26,6,42,90,15,14,20,16,2026-05-01 22:49:59.163408,2026-05-01 22:49:59.163408
140,76,4,109,35,20,11,0,24,42,16,38,91,25,17,16,22,2026-05-01 22:49:59.163408,2026-05-01 22:49:59.163408
141,76,25,93,28,11,8,7,22,47,11,35,86,19,12,16,19,2026-05-01 22:49:59.163408,2026-05-01 22:49:59.163408
142,77,16,115,33,14,3,4,22,31,11,45,90,20,14,13,18,2026-05-01 22:49:59.163408,2026-05-01 22:49:59.163408
143,77,11,105,32,15,6,2,26,36,9,41,95,21,14,10,18,2026-05-01 22:49:59.163408,2026-05-01 22:49:59.163408
144,78,30,125,23,12,3,8,23,34,16,47,88,21,15,13,20,2026-05-01 22:49:59.163408,2026-05-01 22:49:59.163408
145,78,28,134,27,8,7,3,31,22,9,51,85,27,23,9,22,2026-05-01 22:49:59.163408,2026-05-01 22:49:59.163408
146,79,10,101,31,9,6,4,32,44,12,41,91,9,7,10,19,2026-05-01 22:49:59.163408,2026-05-01 22:49:59.163408
147,79,14,129,37,10,7,5,29,41,19,48,90,20,14,9,11,2026-05-01 22:49:59.163408,2026-05-01 22:49:59.163408
148,80,29,105,27,13,10,5,24,43,12,33,96,33,27,7,20,2026-05-01 22:49:59.163408,2026-05-01 22:49:59.163408
149,80,19,115,46,12,5,11,32,44,15,39,85,29,22,19,23,2026-05-01 22:49:59.163408,2026-05-01 22:49:59.163408
150,81,9,122,35,21,14,6,26,27,6,46,100,33,24,13,27,2026-05-01 22:49:59.163408,2026-05-01 22:49:59.163408
151,81,6,119,30,11,10,9,32,35,13,43,94,27,20,17,24,2026-05-01 22:49:59.163408,2026-05-01 22:49:59.163408
152,82,2,148,32,7,9,7,38,34,22,52,78,27,22,11,17,2026-05-01 22:49:59.163408,2026-05-01 22:49:59.163408
153,82,3,111,16,9,7,2,29,34,14,43,88,16,11,12,25,2026-05-01 22:49:59.163408,2026-05-01 22:49:59.163408
154,83,17,98,30,4,5,3,24,42,16,33,77,22,16,16,16,2026-05-01 22:49:59.163408,2026-05-01 22:49:59.163408
155,83,20,127,37,7,7,6,33,42,21,46,88,16,14,10,20,2026-05-01 22:49:59.163408,2026-05-01 22:49:59.163408
156,84,7,105,33,13,4,4,24,32,9,37,88,33,22,20,13,2026-05-01 22:49:59.163408,2026-05-01 22:49:59.163408
157,84,15,124,33,10,13,7,29,32,12,47,93,21,18,11,26,2026-05-01 22:49:59.163408,2026-05-01 22:49:59.163408
158,85,21,127,48,8,14,10,29,35,12,46,99,27,23,12,16,2026-05-01 22:49:59.163408,2026-05-01 22:49:59.163408
159,85,8,121,40,11,10,6,27,48,18,43,103,22,17,17,22,2026-05-01 22:49:59.163408,2026-05-01 22:49:59.163408
160,86,12,109,25,12,7,3,28,35,11,41,87,20,16,12,15,2026-05-01 22:49:59.163408,2026-05-01 22:49:59.163408
161,86,4,133,35,11,10,4,35,46,22,48,86,19,15,16,19,2026-05-01 22:49:59.163408,2026-05-01 22:49:59.163408
162,87,23,124,38,11,11,3,26,43,17,45,94,18,17,14,22,2026-05-01 22:49:59.163408,2026-05-01 22:49:59.163408
163,87,16,117,35,10,8,2,25,40,17,40,87,26,20,14,14,2026-05-01 22:49:59.163408,2026-05-01 22:49:59.163408
166,89,3,110,35,15,5,1,26,34,13,41,89,17,15,15,19,2026-05-01 22:49:59.163408,2026-05-01 22:49:59.163408
167,89,27,126,29,10,13,5,36,42,17,43,87,27,23,8,19,2026-05-01 22:49:59.163408,2026-05-01 22:49:59.163408
168,90,1,126,45,11,12,8,30,39,13,42,91,37,29,13,17,2026-05-01 22:49:59.163408,2026-05-01 22:49:59.163408
169,90,30,96,33,11,7,3,17,33,9,36,94,16,15,14,22,2026-05-01 22:49:59.163408,2026-05-01 22:49:59.163408
170,91,3,110,35,15,5,1,26,34,13,41,89,17,15,15,19,2026-05-01 22:49:59.163408,2026-05-01 22:49:59.163408
171,91,27,126,29,10,13,5,36,42,17,43,87,27,23,8,19,2026-05-01 22:49:59.163408,2026-05-01 22:49:59.163408
172,92,22,108,25,15,11,4,25,37,15,40,88,21,13,11,16,2026-05-01 22:49:59.163408,2026-05-01 22:49:59.163408
173,92,11,113,31,10,7,9,24,29,11,43,82,20,16,13,17,2026-05-01 22:49:59.163408,2026-05-01 22:49:59.163408
174,93,5,112,35,6,8,4,29,30,9,40,80,30,23,20,24,2026-05-01 22:49:59.163408,2026-05-01 22:49:59.163408
175,93,25,121,30,15,10,8,27,46,10,42,95,31,27,12,19,2026-05-01 22:49:59.163408,2026-05-01 22:49:59.163408
176,94,7,121,34,8,4,3,23,23,10,45,81,34,21,17,16,2026-05-01 22:49:59.163408,2026-05-01 22:49:59.163408
177,94,26,130,30,16,11,4,29,26,8,51,101,25,20,4,22,2026-05-01 22:49:59.163408,2026-05-01 22:49:59.163408
178,95,24,113,26,15,9,5,22,50,22,40,87,14,11,12,23,2026-05-01 22:49:59.163408,2026-05-01 22:49:59.163408
179,95,14,110,29,10,8,2,20,29,11,38,75,26,23,12,15,2026-05-01 22:49:59.163408,2026-05-01 22:49:59.163408
180,96,29,118,22,15,14,6,28,37,12,45,90,25,16,18,21,2026-05-01 22:49:59.163408,2026-05-01 22:49:59.163408
181,96,19,129,27,13,13,8,37,34,13,46,88,27,24,18,22,2026-05-01 22:49:59.163408,2026-05-01 22:49:59.163408
182,97,13,88,34,6,8,2,21,22,5,30,74,29,23,18,17,2026-05-01 22:49:59.163408,2026-05-01 22:49:59.163408
183,97,18,94,34,7,8,5,23,26,8,36,83,19,14,12,19,2026-05-01 22:49:59.163408,2026-05-01 22:49:59.163408
184,98,9,124,36,16,9,12,29,27,9,48,89,26,19,15,21,2026-05-01 22:49:59.163408,2026-05-01 22:49:59.163408
185,98,21,116,25,12,7,3,28,49,18,39,96,21,20,13,20,2026-05-01 22:49:59.163408,2026-05-01 22:49:59.163408
186,99,28,107,38,12,6,4,17,23,8,38,90,27,23,12,20,2026-05-01 22:49:59.163408,2026-05-01 22:49:59.163408
187,99,27,110,34,6,11,5,28,39,17,40,86,23,13,13,20,2026-05-01 22:49:59.163408,2026-05-01 22:49:59.163408
188,100,15,112,24,10,7,4,30,41,17,41,84,18,13,16,16,2026-05-01 22:49:59.163408,2026-05-01 22:49:59.163408
189,100,10,133,34,14,12,6,37,46,19,49,92,19,16,14,21,2026-05-01 22:49:59.163408,2026-05-01 22:49:59.163408
190,101,11,128,35,9,6,8,29,39,17,47,86,19,17,11,14,2026-05-01 22:49:59.163408,2026-05-01 22:49:59.163408
191,101,26,97,27,16,9,2,22,32,7,37,93,20,16,12,15,2026-05-01 22:49:59.163408,2026-05-01 22:49:59.163408
192,102,17,118,28,8,7,2,28,45,19,48,88,5,3,13,20,2026-05-01 22:49:59.163408,2026-05-01 22:49:59.163408
193,102,6,116,28,16,7,2,28,40,12,42,87,27,20,11,10,2026-05-01 22:49:59.163408,2026-05-01 22:49:59.163408
194,103,8,103,40,14,4,4,28,43,15,39,93,18,10,8,18,2026-05-01 22:49:59.163408,2026-05-01 22:49:59.163408
195,103,2,84,39,9,4,8,18,43,12,29,83,18,14,13,20,2026-05-01 22:49:59.163408,2026-05-01 22:49:59.163408
196,104,12,114,29,12,8,4,27,43,13,41,95,22,19,16,19,2026-05-01 22:49:59.163408,2026-05-01 22:49:59.163408
197,104,23,135,38,6,14,5,29,29,8,53,92,25,21,13,21,2026-05-01 22:49:59.163408,2026-05-01 22:49:59.163408
198,105,1,119,42,19,14,2,33,50,12,42,107,26,23,10,18,2026-05-01 22:49:59.163408,2026-05-01 22:49:59.163408
199,105,30,98,39,2,9,8,23,31,10,37,84,17,14,20,19,2026-05-01 22:49:59.163408,2026-05-01 22:49:59.163408
200,106,3,114,23,5,11,2,29,32,13,41,80,27,19,11,21,2026-05-01 22:49:59.163408,2026-05-01 22:49:59.163408
201,106,7,123,34,10,5,4,26,23,8,48,82,24,19,15,19,2026-05-01 22:49:59.163408,2026-05-01 22:49:59.163408
202,107,28,107,27,7,10,8,30,38,18,41,88,12,7,16,22,2026-05-01 22:49:59.163408,2026-05-01 22:49:59.163408
203,107,21,116,37,12,10,5,26,40,16,45,95,12,10,16,19,2026-05-01 22:49:59.163408,2026-05-01 22:49:59.163408
204,108,6,109,31,13,11,6,23,35,13,37,87,30,22,11,18,2026-05-01 22:49:59.163408,2026-05-01 22:49:59.163408
205,108,20,94,33,11,7,8,23,37,10,35,86,21,14,16,22,2026-05-01 22:49:59.163408,2026-05-01 22:49:59.163408
206,109,5,99,24,9,9,1,18,40,16,35,82,15,13,19,12,2026-05-01 22:49:59.163408,2026-05-01 22:49:59.163408
207,109,4,131,32,14,13,8,31,57,25,49,95,9,8,16,14,2026-05-01 22:49:59.163408,2026-05-01 22:49:59.163408
208,110,17,128,36,10,10,3,25,39,16,48,97,19,16,10,20,2026-05-01 22:49:59.163408,2026-05-01 22:49:59.163408
209,110,16,117,37,14,8,5,32,48,16,40,94,27,21,16,18,2026-05-01 22:49:59.163408,2026-05-01 22:49:59.163408
210,111,19,113,32,21,12,9,20,40,10,43,101,23,17,17,19,2026-05-01 22:49:59.163408,2026-05-01 22:49:59.163408
211,111,10,109,38,21,8,6,26,45,11,40,97,23,18,20,21,2026-05-01 22:49:59.163408,2026-05-01 22:49:59.163408
212,112,24,81,25,9,4,5,18,36,12,29,79,13,11,8,16,2026-05-01 22:49:59.163408,2026-05-01 22:49:59.163408
213,112,2,97,39,22,4,7,24,47,13,38,95,9,8,8,13,2026-05-01 22:49:59.163408,2026-05-01 22:49:59.163408
214,113,25,121,28,16,10,4,27,35,14,42,89,30,23,16,17,2026-05-01 22:49:59.163408,2026-05-01 22:49:59.163408
215,113,18,124,28,13,14,8,26,35,17,47,88,19,13,16,25,2026-05-01 22:49:59.163408,2026-05-01 22:49:59.163408
216,114,14,109,32,7,6,8,24,29,9,40,83,28,20,12,19,2026-05-01 22:49:59.163408,2026-05-01 22:49:59.163408
217,114,22,110,35,12,7,5,26,29,7,43,94,23,17,10,20,2026-05-01 22:49:59.163408,2026-05-01 22:49:59.163408
218,115,9,103,35,20,7,8,21,36,7,40,106,19,16,15,19,2026-05-01 22:49:59.163408,2026-05-01 22:49:59.163408
219,115,27,114,34,16,8,11,32,40,18,42,101,19,12,12,22,2026-05-01 22:49:59.163408,2026-05-01 22:49:59.163408
220,116,15,114,28,9,13,3,33,34,12,42,87,20,18,17,18,2026-05-01 22:49:59.163408,2026-05-01 22:49:59.163408
221,116,26,123,32,13,12,7,30,29,10,47,94,25,19,15,15,2026-05-01 22:49:59.163408,2026-05-01 22:49:59.163408
222,117,11,125,43,10,10,8,34,40,18,49,86,11,9,26,20,2026-05-01 22:49:59.163408,2026-05-01 22:49:59.163408
223,117,29,105,23,13,17,3,23,44,8,36,98,30,25,11,10,2026-05-01 22:49:59.163408,2026-05-01 22:49:59.163408
224,118,21,121,31,13,12,4,32,41,21,42,86,25,16,16,19,2026-05-01 22:49:59.163408,2026-05-01 22:49:59.163408
225,118,6,113,32,12,9,3,28,39,13,43,89,19,14,17,22,2026-05-01 22:49:59.163408,2026-05-01 22:49:59.163408
226,119,1,115,37,15,10,4,28,33,13,42,87,21,18,15,16,2026-05-01 22:49:59.163408,2026-05-01 22:49:59.163408
227,119,3,104,25,9,9,4,29,34,12,38,85,22,16,13,18,2026-05-01 22:49:59.163408,2026-05-01 22:49:59.163408
228,120,17,94,33,13,4,4,18,32,9,35,85,19,15,17,16,2026-05-01 22:49:59.163408,2026-05-01 22:49:59.163408
229,120,28,122,31,14,11,3,34,46,16,44,94,23,18,6,19,2026-05-01 22:49:59.163408,2026-05-01 22:49:59.163408
230,121,10,128,35,9,14,2,42,52,21,48,94,12,11,15,24,2026-05-01 22:49:59.163408,2026-05-01 22:49:59.163408
231,121,8,117,30,14,13,3,25,31,8,42,91,29,25,17,11,2026-05-01 22:49:59.163408,2026-05-01 22:49:59.163408
232,122,12,130,30,9,8,3,37,42,20,47,94,20,16,15,23,2026-05-01 22:49:59.163408,2026-05-01 22:49:59.163408
233,122,7,134,35,10,9,2,29,28,11,51,94,32,21,11,13,2026-05-01 22:49:59.163408,2026-05-01 22:49:59.163408
234,123,30,112,28,9,6,5,24,42,18,41,84,17,12,11,17,2026-05-01 22:49:59.163408,2026-05-01 22:49:59.163408
235,123,4,129,37,16,9,5,27,46,25,43,87,25,18,12,17,2026-05-01 22:49:59.163408,2026-05-01 22:49:59.163408
236,124,14,89,31,8,7,5,18,30,9,34,87,18,12,8,19,2026-05-01 22:49:59.163408,2026-05-01 22:49:59.163408
237,124,2,111,41,9,6,5,29,36,14,40,83,21,17,14,19,2026-05-01 22:49:59.163408,2026-05-01 22:49:59.163408
238,125,18,108,33,6,7,8,22,33,10,34,71,36,30,20,15,2026-05-01 22:49:59.163408,2026-05-01 22:49:59.163408
239,125,23,135,29,10,14,1,31,37,21,50,97,21,14,10,22,2026-05-01 22:49:59.163408,2026-05-01 22:49:59.163408
240,126,5,99,37,13,8,2,24,46,16,34,86,21,15,17,17,2026-05-01 22:49:59.163408,2026-05-01 22:49:59.163408
241,126,20,105,40,10,9,4,27,42,15,38,84,21,14,13,17,2026-05-01 22:49:59.163408,2026-05-01 22:49:59.163408
242,127,24,77,28,13,14,3,16,35,9,31,85,6,6,19,16,2026-05-01 22:49:59.163408,2026-05-01 22:49:59.163408
243,127,25,92,34,13,10,11,23,37,10,38,81,11,6,21,11,2026-05-01 22:49:59.163408,2026-05-01 22:49:59.163408
244,128,13,109,34,9,9,9,18,23,5,40,83,28,24,9,18,2026-05-01 22:49:59.163408,2026-05-01 22:49:59.163408
245,128,22,111,31,12,7,3,25,23,8,40,83,31,23,12,21,2026-05-01 22:49:59.163408,2026-05-01 22:49:59.163408
246,129,23,139,28,12,13,5,27,31,11,45,86,46,38,10,25,2026-05-01 22:49:59.163408,2026-05-01 22:49:59.163408
247,129,15,129,25,19,5,3,26,43,17,48,97,21,16,20,31,2026-05-01 22:49:59.163408,2026-05-01 22:49:59.163408
248,130,3,100,24,7,3,3,23,38,13,29,69,34,29,17,29,2026-05-01 22:49:59.163408,2026-05-01 22:49:59.163408
249,130,9,138,30,10,12,3,36,32,16,48,85,34,26,8,24,2026-05-01 22:49:59.163408,2026-05-01 22:49:59.163408
250,131,16,150,33,15,16,5,31,43,13,45,90,59,47,16,22,2026-05-01 22:49:59.163408,2026-05-01 22:49:59.163408
251,131,30,129,31,4,6,3,25,36,15,46,89,29,22,23,34,2026-05-01 22:49:59.163408,2026-05-01 22:49:59.163408
252,132,1,124,32,13,8,8,29,36,14,49,95,18,12,9,18,2026-05-01 22:49:59.163408,2026-05-01 22:49:59.163408
253,132,7,112,31,12,6,0,28,32,13,41,86,22,17,14,16,2026-05-01 22:49:59.163408,2026-05-01 22:49:59.163408
254,133,11,113,37,15,8,4,21,24,10,41,82,27,21,17,19,2026-05-01 22:49:59.163408,2026-05-01 22:49:59.163408
255,133,28,99,23,7,10,4,21,36,9,34,78,28,22,13,23,2026-05-01 22:49:59.163408,2026-05-01 22:49:59.163408
256,134,17,114,31,8,6,1,26,38,16,42,82,20,14,16,13,2026-05-01 22:49:59.163408,2026-05-01 22:49:59.163408
257,134,24,129,31,8,9,0,33,51,24,48,89,11,9,11,19,2026-05-01 22:49:59.163408,2026-05-01 22:49:59.163408
258,135,27,125,35,9,3,2,27,47,20,44,85,25,17,11,19,2026-05-01 22:49:59.163408,2026-05-01 22:49:59.163408
259,135,2,116,32,5,6,4,27,51,19,42,89,17,13,8,18,2026-05-01 22:49:59.163408,2026-05-01 22:49:59.163408
260,136,10,124,37,12,9,12,30,54,20,44,105,18,16,12,18,2026-05-01 22:49:59.163408,2026-05-01 22:49:59.163408
261,136,5,130,44,20,6,6,34,47,15,50,112,18,15,12,18,2026-05-01 22:49:59.163408,2026-05-01 22:49:59.163408
262,137,25,101,32,10,6,8,23,42,16,35,83,18,15,18,24,2026-05-01 22:49:59.163408,2026-05-01 22:49:59.163408
263,137,4,103,36,16,12,4,21,38,14,34,88,25,21,16,20,2026-05-01 22:49:59.163408,2026-05-01 22:49:59.163408
265,139,14,120,33,14,7,2,31,38,11,45,93,26,19,6,20,2026-05-01 22:49:59.163408,2026-05-01 22:49:59.163408
266,139,18,106,35,8,4,5,22,40,10,37,80,28,22,11,24,2026-05-01 22:49:59.163408,2026-05-01 22:49:59.163408
268,141,26,114,44,8,10,7,22,20,7,41,90,30,25,11,18,2026-05-01 22:49:59.163408,2026-05-01 22:49:59.163408
269,141,12,109,40,8,7,2,29,43,13,38,93,22,20,15,23,2026-05-01 22:49:59.163408,2026-05-01 22:49:59.163408
270,142,22,128,34,8,6,4,29,35,12,44,85,37,28,6,23,2026-05-01 22:49:59.163408,2026-05-01 22:49:59.163408
271,142,6,122,30,12,3,5,24,44,17,44,89,26,17,9,22,2026-05-01 22:49:59.163408,2026-05-01 22:49:59.163408
272,143,19,122,39,10,10,5,27,29,14,45,88,24,18,15,16,2026-05-01 22:49:59.163408,2026-05-01 22:49:59.163408
273,143,28,111,29,14,13,5,20,44,14,39,94,25,19,11,17,2026-05-01 22:49:59.163408,2026-05-01 22:49:59.163408
274,145,29,117,24,14,7,4,30,36,18,42,87,19,15,15,20,2026-05-01 22:49:59.163408,2026-05-01 22:49:59.163408
275,145,20,134,30,15,10,3,37,40,17,48,92,22,21,10,16,2026-05-01 22:49:59.163408,2026-05-01 22:49:59.163408
276,146,8,129,34,8,12,4,36,32,17,48,87,22,16,9,15,2026-05-01 22:49:59.163408,2026-05-01 22:49:59.163408
277,146,11,93,28,16,7,6,25,33,4,42,97,14,5,15,18,2026-05-01 22:49:59.163408,2026-05-01 22:49:59.163408
278,147,26,109,27,8,6,6,24,25,8,45,83,14,11,13,18,2026-05-01 22:49:59.163408,2026-05-01 22:49:59.163408
279,147,4,117,28,13,8,1,29,40,19,41,90,17,16,14,12,2026-05-01 22:49:59.163408,2026-05-01 22:49:59.163408
280,149,9,131,30,10,10,7,37,35,14,48,89,22,21,17,20,2026-05-01 22:49:59.163408,2026-05-01 22:49:59.163408
281,149,23,109,24,11,10,8,20,35,8,42,90,24,17,15,17,2026-05-01 22:49:59.163408,2026-05-01 22:49:59.163408
282,150,12,108,24,12,7,4,24,40,12,37,82,25,22,16,19,2026-05-01 22:49:59.163408,2026-05-01 22:49:59.163408
283,150,24,123,28,12,9,7,21,32,13,46,88,22,18,12,21,2026-05-01 22:49:59.163408,2026-05-01 22:49:59.163408
284,151,13,153,22,7,16,4,36,37,19,52,82,36,30,10,24,2026-05-01 22:49:59.163408,2026-05-01 22:49:59.163408
285,151,18,128,21,7,5,1,32,25,11,46,77,29,25,21,24,2026-05-01 22:49:59.163408,2026-05-01 22:49:59.163408
286,152,22,136,41,11,12,5,30,34,15,47,100,34,27,13,22,2026-05-01 22:49:59.163408,2026-05-01 22:49:59.163408
287,152,30,131,35,14,7,10,26,46,14,48,105,24,21,15,27,2026-05-01 22:49:59.163408,2026-05-01 22:49:59.163408
288,153,1,108,34,17,12,6,22,40,12,35,89,35,26,11,14,2026-05-01 22:49:59.163408,2026-05-01 22:49:59.163408
289,153,3,97,35,4,5,6,19,35,12,34,72,22,17,20,29,2026-05-01 22:49:59.163408,2026-05-01 22:49:59.163408
290,154,16,112,38,15,4,2,26,41,14,38,92,27,22,11,14,2026-05-01 22:49:59.163408,2026-05-01 22:49:59.163408
291,154,17,105,33,3,10,2,26,26,9,41,83,19,14,14,30,2026-05-01 22:49:59.163408,2026-05-01 22:49:59.163408
292,156,27,131,37,12,8,4,34,47,19,43,95,32,26,10,25,2026-05-01 22:49:59.163408,2026-05-01 22:49:59.163408
293,156,8,136,40,7,8,4,27,36,12,44,88,38,36,10,20,2026-05-01 22:49:59.163408,2026-05-01 22:49:59.163408
294,157,15,112,24,14,10,5,26,48,14,41,98,22,16,10,18,2026-05-01 22:49:59.163408,2026-05-01 22:49:59.163408
295,157,7,120,39,21,8,9,25,32,11,45,93,24,19,19,17,2026-05-01 22:49:59.163408,2026-05-01 22:49:59.163408
296,158,21,104,28,11,7,4,22,44,11,40,84,17,13,12,18,2026-05-01 22:49:59.163408,2026-05-01 22:49:59.163408
297,158,2,102,32,12,8,4,20,42,13,35,87,20,19,12,18,2026-05-01 22:49:59.163408,2026-05-01 22:49:59.163408
298,159,14,142,27,14,9,4,31,36,17,55,99,21,15,9,15,2026-05-01 22:49:59.163408,2026-05-01 22:49:59.163408
299,159,5,130,29,12,7,3,34,36,15,51,95,16,13,15,18,2026-05-01 22:49:59.163408,2026-05-01 22:49:59.163408
301,161,12,92,39,7,6,3,21,38,10,35,89,15,12,10,21,2026-05-01 22:49:59.163408,2026-05-01 22:49:59.163408
302,161,20,101,42,11,4,4,20,28,8,37,88,25,19,11,22,2026-05-01 22:49:59.163408,2026-05-01 22:49:59.163408
303,162,28,122,36,8,6,3,25,27,14,46,86,20,16,10,27,2026-05-01 22:49:59.163408,2026-05-01 22:49:59.163408
304,162,24,115,28,6,5,6,20,42,18,38,80,30,21,11,21,2026-05-01 22:49:59.163408,2026-05-01 22:49:59.163408
306,164,9,126,33,19,12,6,36,35,12,50,92,18,14,18,19,2026-05-01 22:49:59.163408,2026-05-01 22:49:59.163408
307,164,15,110,20,13,11,2,20,41,15,38,89,24,19,16,20,2026-05-01 22:49:59.163408,2026-05-01 22:49:59.163408
308,166,11,107,34,18,8,8,25,41,14,40,94,17,13,12,21,2026-05-01 22:49:59.163408,2026-05-01 22:49:59.163408
309,166,19,105,33,15,7,6,19,32,13,37,84,26,18,13,19,2026-05-01 22:49:59.163408,2026-05-01 22:49:59.163408
310,167,10,117,24,14,8,1,23,48,15,39,97,25,24,8,20,2026-05-01 22:49:59.163408,2026-05-01 22:49:59.163408
311,167,18,127,34,11,6,5,25,30,12,46,82,26,23,16,19,2026-05-01 22:49:59.163408,2026-05-01 22:49:59.163408
312,168,7,105,28,12,4,3,27,33,9,38,87,24,20,17,14,2026-05-01 22:49:59.163408,2026-05-01 22:49:59.163408
313,168,6,138,36,9,12,4,32,38,18,56,91,13,8,14,22,2026-05-01 22:49:59.163408,2026-05-01 22:49:59.163408
315,170,25,124,35,14,16,12,34,46,17,46,89,16,15,24,19,2026-05-01 22:49:59.163408,2026-05-01 22:49:59.163408
316,170,29,114,26,10,16,3,28,30,13,42,92,22,17,18,17,2026-05-01 22:49:59.163408,2026-05-01 22:49:59.163408
317,171,13,119,36,10,8,12,28,32,9,46,96,24,18,6,13,2026-05-01 22:49:59.163408,2026-05-01 22:49:59.163408
318,171,5,108,36,12,5,7,23,41,12,42,95,13,12,13,19,2026-05-01 22:49:59.163408,2026-05-01 22:49:59.163408
320,173,23,104,39,8,12,10,22,25,3,38,82,31,25,14,16,2026-05-01 22:49:59.163408,2026-05-01 22:49:59.163408
321,173,3,97,30,12,10,5,20,43,15,32,89,21,18,17,22,2026-05-01 22:49:59.163408,2026-05-01 22:49:59.163408
322,174,1,122,32,15,10,1,29,38,14,47,95,18,14,13,19,2026-05-01 22:49:59.163408,2026-05-01 22:49:59.163408
323,174,17,99,32,5,5,4,24,37,12,37,76,18,13,20,18,2026-05-01 22:49:59.163408,2026-05-01 22:49:59.163408
324,175,27,115,39,15,7,6,29,33,11,43,92,21,18,11,20,2026-05-01 22:49:59.163408,2026-05-01 22:49:59.163408
325,175,4,102,28,11,7,10,18,54,18,35,93,17,14,9,21,2026-05-01 22:49:59.163408,2026-05-01 22:49:59.163408
326,176,2,111,36,19,8,4,29,46,12,41,93,19,17,14,20,2026-05-01 22:49:59.163408,2026-05-01 22:49:59.163408
327,176,30,100,29,9,9,4,28,39,15,37,84,17,11,13,18,2026-05-01 22:49:59.163408,2026-05-01 22:49:59.163408
328,177,16,117,25,7,13,5,25,38,12,41,88,28,23,10,21,2026-05-01 22:49:59.163408,2026-05-01 22:49:59.163408
329,177,22,121,38,11,6,2,26,32,10,44,89,25,23,19,23,2026-05-01 22:49:59.163408,2026-05-01 22:49:59.163408
330,178,14,127,39,7,10,6,31,42,14,48,93,26,17,16,20,2026-05-01 22:49:59.163408,2026-05-01 22:49:59.163408
331,178,8,125,34,7,13,5,33,49,19,44,95,22,18,15,22,2026-05-01 22:49:59.163408,2026-05-01 22:49:59.163408
332,179,13,109,26,9,13,8,19,27,9,39,84,29,22,13,13,2026-05-01 22:49:59.163408,2026-05-01 22:49:59.163408
333,179,26,118,39,9,9,4,29,27,12,48,82,16,10,19,25,2026-05-01 22:49:59.163408,2026-05-01 22:49:59.163408
334,180,21,116,29,15,16,6,28,40,15,42,101,19,17,7,16,2026-05-01 22:49:59.163408,2026-05-01 22:49:59.163408
335,180,18,103,38,8,5,5,18,33,15,36,77,22,16,22,19,2026-05-01 22:49:59.163408,2026-05-01 22:49:59.163408
336,181,6,120,28,10,5,5,32,41,16,45,88,21,14,16,21,2026-05-01 22:49:59.163408,2026-05-01 22:49:59.163408
337,181,7,130,35,9,13,5,35,30,15,46,87,27,23,12,21,2026-05-01 22:49:59.163408,2026-05-01 22:49:59.163408
338,182,28,119,28,20,9,5,25,28,8,44,91,30,23,10,20,2026-05-01 22:49:59.163408,2026-05-01 22:49:59.163408
339,182,9,108,26,13,6,5,23,26,10,41,85,24,16,13,26,2026-05-01 22:49:59.163408,2026-05-01 22:49:59.163408
340,183,17,134,27,13,10,2,31,44,23,49,90,19,13,9,17,2026-05-01 22:49:59.163408,2026-05-01 22:49:59.163408
341,183,12,123,30,10,5,6,34,42,21,42,81,23,18,18,15,2026-05-01 22:49:59.163408,2026-05-01 22:49:59.163408
344,185,23,109,37,14,13,4,17,25,7,44,97,15,14,12,19,2026-05-01 22:49:59.163408,2026-05-01 22:49:59.163408
345,185,25,103,34,15,6,9,26,53,17,36,92,21,14,18,14,2026-05-01 22:49:59.163408,2026-05-01 22:49:59.163408
347,187,23,104,39,8,12,10,22,25,3,38,82,31,25,14,16,2026-05-01 22:49:59.163408,2026-05-01 22:49:59.163408
348,191,20,110,28,16,9,6,23,32,10,39,84,23,22,15,15,2026-05-01 22:49:59.163408,2026-05-01 22:49:59.163408
353,191,10,107,24,11,9,6,27,38,14,40,82,15,13,18,20,2026-05-01 22:49:59.163408,2026-05-01 22:49:59.163408
354,187,3,97,30,12,10,5,20,43,15,32,89,21,18,17,22,2026-05-01 22:49:59.163408,2026-05-01 22:49:59.163408
359,193,29,116,38,12,9,3,28,36,11,41,85,28,23,18,19,2026-05-01 22:49:59.163408,2026-05-01 22:49:59.163408
361,193,26,111,30,10,12,5,22,36,12,41,86,25,17,15,16,2026-05-01 22:49:59.163408,2026-05-01 22:49:59.163408
363,195,1,124,39,15,5,3,33,40,16,43,93,29,22,13,20,2026-05-01 22:49:59.163408,2026-05-01 22:49:59.163408
364,195,22,112,32,8,9,3,20,43,14,40,95,23,18,11,19,2026-05-01 22:49:59.163408,2026-05-01 22:49:59.163408
365,196,30,117,27,9,7,2,24,34,13,40,78,29,24,21,25,2026-05-01 22:49:59.163408,2026-05-01 22:49:59.163408
366,196,10,125,27,14,13,4,32,32,9,46,91,28,24,15,21,2026-05-01 22:49:59.163408,2026-05-01 22:49:59.163408
368,198,3,95,27,17,11,7,19,34,9,33,86,29,20,16,24,2026-05-01 22:49:59.163408,2026-05-01 22:49:59.163408
369,198,25,114,33,11,7,3,30,26,11,41,80,29,21,18,25,2026-05-01 22:49:59.163408,2026-05-01 22:49:59.163408
370,199,2,120,31,7,7,3,31,40,17,39,80,27,25,13,21,2026-05-01 22:49:59.163408,2026-05-01 22:49:59.163408
371,199,24,112,27,8,7,6,26,40,13,37,83,29,25,9,20,2026-05-01 22:49:59.163408,2026-05-01 22:49:59.163408
372,200,5,132,34,13,9,6,30,48,18,48,93,21,18,16,16,2026-05-01 22:49:59.163408,2026-05-01 22:49:59.163408
373,200,15,107,27,10,10,5,30,39,14,39,86,19,15,17,18,2026-05-01 22:49:59.163408,2026-05-01 22:49:59.163408
374,201,19,129,45,12,7,12,31,35,11,48,95,34,22,14,16,2026-05-01 22:49:59.163408,2026-05-01 22:49:59.163408
375,201,7,111,38,13,10,3,27,39,14,44,104,14,9,11,22,2026-05-01 22:49:59.163408,2026-05-01 22:49:59.163408
376,202,11,92,29,15,9,3,21,26,5,38,79,15,11,22,18,2026-05-01 22:49:59.163408,2026-05-01 22:49:59.163408
377,202,14,100,20,12,14,2,17,34,8,37,84,22,18,11,18,2026-05-01 22:49:59.163408,2026-05-01 22:49:59.163408
378,203,13,115,25,12,11,5,25,29,11,43,89,24,18,13,23,2026-05-01 22:49:59.163408,2026-05-01 22:49:59.163408
379,203,27,119,30,22,5,7,25,36,10,43,93,29,23,14,23,2026-05-01 22:49:59.163408,2026-05-01 22:49:59.163408
380,204,30,117,28,7,7,5,20,37,16,43,87,19,15,13,23,2026-05-01 22:49:59.163408,2026-05-01 22:49:59.163408
381,204,9,130,34,16,8,4,31,27,11,46,90,32,27,12,23,2026-05-01 22:49:59.163408,2026-05-01 22:49:59.163408
382,205,4,136,38,10,11,3,32,42,17,51,96,21,17,13,25,2026-05-01 22:49:59.163408,2026-05-01 22:49:59.163408
383,205,16,106,31,12,4,3,26,36,7,36,89,34,27,15,22,2026-05-01 22:49:59.163408,2026-05-01 22:49:59.163408
384,206,22,108,31,10,8,2,21,50,17,37,93,20,17,12,19,2026-05-01 22:49:59.163408,2026-05-01 22:49:59.163408
385,206,21,113,42,11,8,3,19,29,9,40,90,27,24,10,16,2026-05-01 22:49:59.163408,2026-05-01 22:49:59.163408
386,207,20,136,30,19,13,3,38,41,18,54,100,13,10,9,12,2026-05-01 22:49:59.163408,2026-05-01 22:49:59.163408
387,207,12,110,28,8,7,7,31,38,17,44,85,7,5,17,15,2026-05-01 22:49:59.163408,2026-05-01 22:49:59.163408
388,208,17,116,32,7,3,6,24,45,20,42,88,17,12,8,22,2026-05-01 22:49:59.163408,2026-05-01 22:49:59.163408
389,208,6,123,36,10,3,4,27,36,12,42,86,34,27,6,20,2026-05-01 22:49:59.163408,2026-05-01 22:49:59.163408
390,209,15,116,34,15,8,11,28,28,9,43,84,29,21,16,20,2026-05-01 22:49:59.163408,2026-05-01 22:49:59.163408
391,209,24,104,23,17,13,2,25,37,13,37,97,23,17,11,23,2026-05-01 22:49:59.163408,2026-05-01 22:49:59.163408
392,210,26,104,35,6,4,2,32,36,14,41,93,13,8,8,14,2026-05-01 22:49:59.163408,2026-05-01 22:49:59.163408
393,210,27,132,45,5,5,5,41,49,25,48,93,13,11,6,11,2026-05-01 22:49:59.163408,2026-05-01 22:49:59.163408
394,211,8,124,44,9,5,2,35,33,16,43,86,31,22,13,16,2026-05-01 22:49:59.163408,2026-05-01 22:49:59.163408
395,211,23,96,33,9,6,10,30,41,9,37,94,15,13,13,26,2026-05-01 22:49:59.163408,2026-05-01 22:49:59.163408
396,213,2,120,34,15,12,1,22,39,14,44,92,19,18,16,20,2026-05-01 22:49:59.163408,2026-05-01 22:49:59.163408
397,213,10,99,25,14,12,3,26,43,10,36,90,24,17,14,17,2026-05-01 22:49:59.163408,2026-05-01 22:49:59.163408
399,215,3,92,30,11,8,4,17,35,11,29,79,31,23,23,21,2026-05-01 22:49:59.163408,2026-05-01 22:49:59.163408
400,215,21,121,36,9,16,5,26,35,14,45,85,22,17,17,20,2026-05-01 22:49:59.163408,2026-05-01 22:49:59.163408
401,216,12,119,29,10,9,7,32,27,12,46,91,17,15,11,24,2026-05-01 22:49:59.163408,2026-05-01 22:49:59.163408
402,216,25,127,30,22,5,7,32,46,16,45,101,26,21,13,16,2026-05-01 22:49:59.163408,2026-05-01 22:49:59.163408
403,217,5,109,27,9,13,2,24,31,9,40,85,28,20,19,24,2026-05-01 22:49:59.163408,2026-05-01 22:49:59.163408
404,217,28,139,37,6,6,3,33,33,14,48,84,33,29,18,23,2026-05-01 22:49:59.163408,2026-05-01 22:49:59.163408
405,219,19,124,27,13,12,6,32,37,16,44,83,21,20,18,14,2026-05-01 22:49:59.163408,2026-05-01 22:49:59.163408
406,219,13,109,22,14,10,2,24,31,9,45,88,13,10,15,17,2026-05-01 22:49:59.163408,2026-05-01 22:49:59.163408
407,220,18,147,34,12,15,5,39,39,18,52,96,30,25,17,23,2026-05-01 22:49:59.163408,2026-05-01 22:49:59.163408
408,220,29,111,29,17,10,5,26,39,13,40,93,26,18,23,23,2026-05-01 22:49:59.163408,2026-05-01 22:49:59.163408
409,221,15,125,36,12,12,9,22,49,16,42,98,32,25,10,17,2026-05-01 22:49:59.163408,2026-05-01 22:49:59.163408
410,221,8,118,39,7,6,5,34,36,13,44,90,22,17,19,24,2026-05-01 22:49:59.163408,2026-05-01 22:49:59.163408
411,222,7,120,32,11,8,6,26,28,11,42,86,29,25,18,12,2026-05-01 22:49:59.163408,2026-05-01 22:49:59.163408
412,222,1,135,30,12,10,3,36,35,14,55,102,14,11,11,21,2026-05-01 22:49:59.163408,2026-05-01 22:49:59.163408
413,223,11,116,26,12,10,1,26,32,11,45,91,17,15,11,21,2026-05-01 22:49:59.163408,2026-05-01 22:49:59.163408
414,223,14,124,29,5,6,8,30,32,15,46,76,27,17,13,20,2026-05-01 22:49:59.163408,2026-05-01 22:49:59.163408
416,225,30,95,29,6,3,10,20,38,15,36,82,12,8,19,21,2026-05-01 22:49:59.163408,2026-05-01 22:49:59.163408
417,225,9,117,39,17,11,8,32,30,9,44,97,26,20,10,14,2026-05-01 22:49:59.163408,2026-05-01 22:49:59.163408
418,226,16,126,29,12,4,2,31,38,12,48,94,22,18,11,26,2026-05-01 22:49:59.163408,2026-05-01 22:49:59.163408
419,226,14,134,34,13,8,3,23,32,14,43,81,45,34,11,20,2026-05-01 22:49:59.163408,2026-05-01 22:49:59.163408
420,227,5,110,35,12,11,7,27,44,15,42,94,17,11,16,24,2026-05-01 22:49:59.163408,2026-05-01 22:49:59.163408
421,227,6,115,38,16,11,5,26,41,14,40,91,31,21,14,17,2026-05-01 22:49:59.163408,2026-05-01 22:49:59.163408
422,228,19,105,32,8,11,2,21,34,13,37,78,22,18,16,19,2026-05-01 22:49:59.163408,2026-05-01 22:49:59.163408
423,228,13,99,30,9,11,2,20,32,10,35,76,32,19,15,21,2026-05-01 22:49:59.163408,2026-05-01 22:49:59.163408
424,229,27,101,33,9,6,5,23,34,10,35,83,23,21,14,19,2026-05-01 22:49:59.163408,2026-05-01 22:49:59.163408
425,229,24,100,37,10,9,3,27,36,11,38,91,17,13,11,21,2026-05-01 22:49:59.163408,2026-05-01 22:49:59.163408
427,231,29,128,35,12,10,2,34,48,18,48,89,20,14,13,18,2026-05-01 22:49:59.163408,2026-05-01 22:49:59.163408
428,231,17,96,27,8,9,2,20,44,15,32,78,23,17,20,18,2026-05-01 22:49:59.163408,2026-05-01 22:49:59.163408
429,232,26,118,27,14,3,6,26,32,12,43,89,29,20,13,18,2026-05-01 22:49:59.163408,2026-05-01 22:49:59.163408
430,232,23,139,32,17,8,7,32,36,17,51,102,24,20,9,22,2026-05-01 22:49:59.163408,2026-05-01 22:49:59.163408
431,233,4,130,31,10,9,2,28,46,22,42,80,27,24,22,24,2026-05-01 22:49:59.163408,2026-05-01 22:49:59.163408
432,233,22,111,19,12,11,4,24,42,14,39,93,21,19,14,23,2026-05-01 22:49:59.163408,2026-05-01 22:49:59.163408
433,234,30,131,25,7,4,3,32,40,16,50,96,17,15,11,14,2026-05-01 22:49:59.163408,2026-05-01 22:49:59.163408
434,234,23,153,31,10,9,2,37,35,17,61,99,16,14,10,18,2026-05-01 22:49:59.163408,2026-05-01 22:49:59.163408
435,235,22,101,29,8,7,5,29,32,6,35,88,31,25,19,24,2026-05-01 22:49:59.163408,2026-05-01 22:49:59.163408
436,235,1,130,40,11,15,6,27,37,15,47,92,27,21,17,29,2026-05-01 22:49:59.163408,2026-05-01 22:49:59.163408
437,236,16,129,25,12,5,4,27,47,24,44,95,23,17,9,16,2026-05-01 22:49:59.163408,2026-05-01 22:49:59.163408
438,236,2,147,37,11,5,8,34,44,21,56,96,20,14,7,17,2026-05-01 22:49:59.163408,2026-05-01 22:49:59.163408
439,240,28,115,27,5,9,5,33,23,9,42,77,32,22,11,21,2026-05-01 22:49:59.163408,2026-05-01 22:49:59.163408
440,240,26,123,29,19,7,3,24,33,12,42,92,29,27,13,22,2026-05-01 22:49:59.163408,2026-05-01 22:49:59.163408
441,241,11,119,30,12,7,4,30,42,18,41,87,22,19,7,13,2026-05-01 22:49:59.163408,2026-05-01 22:49:59.163408
442,241,17,113,30,15,3,1,21,40,17,42,89,16,12,15,16,2026-05-01 22:49:59.163408,2026-05-01 22:49:59.163408
443,243,10,113,32,7,6,3,29,35,14,42,86,18,15,13,26,2026-05-01 22:49:59.163408,2026-05-01 22:49:59.163408
444,243,27,127,35,13,8,6,34,47,15,44,93,30,24,14,20,2026-05-01 22:49:59.163408,2026-05-01 22:49:59.163408
445,244,29,117,32,12,7,4,32,37,12,44,95,25,17,12,22,2026-05-01 22:49:59.163408,2026-05-01 22:49:59.163408
446,244,8,130,41,12,9,4,30,39,16,44,91,31,26,13,18,2026-05-01 22:49:59.163408,2026-05-01 22:49:59.163408
447,245,5,126,32,14,6,4,22,39,13,47,97,26,19,20,14,2026-05-01 22:49:59.163408,2026-05-01 22:49:59.163408
448,245,12,145,32,9,14,5,49,48,20,58,102,10,9,13,22,2026-05-01 22:49:59.163408,2026-05-01 22:49:59.163408
449,246,15,119,14,6,10,4,27,36,16,39,76,30,25,13,22,2026-05-01 22:49:59.163408,2026-05-01 22:49:59.163408
450,246,20,130,29,20,7,6,36,32,13,48,87,24,21,19,19,2026-05-01 22:49:59.163408,2026-05-01 22:49:59.163408
451,247,22,115,37,9,13,1,24,29,10,35,79,41,35,25,29,2026-05-01 22:49:59.163408,2026-05-01 22:49:59.163408
452,247,24,111,30,11,9,4,24,46,14,35,88,35,27,20,32,2026-05-01 22:49:59.163408,2026-05-01 22:49:59.163408
453,248,3,86,25,5,7,5,14,35,7,28,73,27,23,14,19,2026-05-01 22:49:59.163408,2026-05-01 22:49:59.163408
454,248,4,117,34,13,7,4,28,39,12,41,87,25,23,11,22,2026-05-01 22:49:59.163408,2026-05-01 22:49:59.163408
455,249,17,123,47,12,7,9,28,54,20,41,92,26,21,16,19,2026-05-01 22:49:59.163408,2026-05-01 22:49:59.163408
456,249,7,99,36,14,12,4,18,36,10,34,96,28,21,14,19,2026-05-01 22:49:59.163408,2026-05-01 22:49:59.163408
458,251,11,111,32,6,6,6,35,35,15,42,78,16,12,8,17,2026-05-01 22:49:59.163408,2026-05-01 22:49:59.163408
459,251,20,94,29,12,5,2,22,34,10,36,85,16,12,11,16,2026-05-01 22:49:59.163408,2026-05-01 22:49:59.163408
460,252,14,127,29,8,9,4,26,31,13,45,83,26,24,10,19,2026-05-01 22:49:59.163408,2026-05-01 22:49:59.163408
461,252,6,113,24,11,5,2,26,39,13,43,87,19,14,14,19,2026-05-01 22:49:59.163408,2026-05-01 22:49:59.163408
462,253,9,127,27,7,7,5,33,23,13,44,73,30,26,18,22,2026-05-01 22:49:59.163408,2026-05-01 22:49:59.163408
463,253,28,116,21,14,13,3,33,29,10,43,89,31,20,13,22,2026-05-01 22:49:59.163408,2026-05-01 22:49:59.163408
464,254,13,104,22,8,8,9,19,30,10,38,76,23,18,14,15,2026-05-01 22:49:59.163408,2026-05-01 22:49:59.163408
465,254,25,114,30,18,8,4,22,45,15,41,91,18,17,14,17,2026-05-01 22:49:59.163408,2026-05-01 22:49:59.163408
466,255,16,119,41,16,6,4,24,40,11,43,93,29,22,11,14,2026-05-01 22:49:59.163408,2026-05-01 22:49:59.163408
467,255,23,109,33,9,3,5,26,38,12,40,96,19,17,9,22,2026-05-01 22:49:59.163408,2026-05-01 22:49:59.163408
468,256,1,112,36,9,7,6,28,38,15,43,92,15,11,11,21,2026-05-01 22:49:59.163408,2026-05-01 22:49:59.163408
469,256,2,102,38,10,6,7,18,37,14,35,85,26,18,15,18,2026-05-01 22:49:59.163408,2026-05-01 22:49:59.163408
471,258,15,105,27,6,5,5,26,30,11,38,75,20,18,22,13,2026-05-01 22:49:59.163408,2026-05-01 22:49:59.163408
472,258,24,131,27,20,13,5,39,45,17,55,109,8,4,10,15,2026-05-01 22:49:59.163408,2026-05-01 22:49:59.163408
473,259,27,129,39,16,8,4,31,34,14,49,96,24,17,11,14,2026-05-01 22:49:59.163408,2026-05-01 22:49:59.163408
474,259,5,114,28,7,7,7,26,44,13,43,93,21,15,10,20,2026-05-01 22:49:59.163408,2026-05-01 22:49:59.163408
475,260,7,94,39,14,6,3,21,29,7,31,89,34,25,15,14,2026-05-01 22:49:59.163408,2026-05-01 22:49:59.163408
476,260,18,124,45,6,8,6,33,31,14,51,96,12,8,10,27,2026-05-01 22:49:59.163408,2026-05-01 22:49:59.163408
477,261,29,113,29,11,9,3,32,29,15,42,88,20,14,15,23,2026-05-01 22:49:59.163408,2026-05-01 22:49:59.163408
478,261,6,122,38,11,9,7,33,32,6,47,90,27,22,11,17,2026-05-01 22:49:59.163408,2026-05-01 22:49:59.163408
479,262,21,114,36,6,9,6,17,34,10,38,81,32,28,17,24,2026-05-01 22:49:59.163408,2026-05-01 22:49:59.163408
480,262,9,110,31,15,12,8,30,43,16,41,97,23,12,16,28,2026-05-01 22:49:59.163408,2026-05-01 22:49:59.163408
481,263,14,120,39,9,7,7,29,24,7,44,79,32,25,15,15,2026-05-01 22:49:59.163408,2026-05-01 22:49:59.163408
482,263,30,101,28,5,11,2,25,35,7,41,93,16,12,9,22,2026-05-01 22:49:59.163408,2026-05-01 22:49:59.163408
483,264,17,113,23,4,13,1,23,44,20,40,77,15,13,22,30,2026-05-01 22:49:59.163408,2026-05-01 22:49:59.163408
484,264,13,127,32,7,14,4,27,30,13,45,77,28,24,16,19,2026-05-01 22:49:59.163408,2026-05-01 22:49:59.163408
485,265,12,135,39,3,3,5,36,39,18,53,92,13,11,11,17,2026-05-01 22:49:59.163408,2026-05-01 22:49:59.163408
486,265,16,118,32,10,5,4,29,37,13,46,99,18,13,7,17,2026-05-01 22:49:59.163408,2026-05-01 22:49:59.163408
487,266,4,99,27,10,2,1,19,43,12,36,83,19,15,11,17,2026-05-01 22:49:59.163408,2026-05-01 22:49:59.163408
488,266,2,114,31,8,6,3,23,34,14,42,83,22,16,5,18,2026-05-01 22:49:59.163408,2026-05-01 22:49:59.163408
490,268,28,139,37,7,20,3,41,29,13,54,94,22,18,10,18,2026-05-01 22:49:59.163408,2026-05-01 22:49:59.163408
491,268,22,87,27,9,4,1,20,38,9,31,82,19,16,27,20,2026-05-01 22:49:59.163408,2026-05-01 22:49:59.163408
492,269,3,116,28,12,10,4,30,41,17,42,85,20,15,15,21,2026-05-01 22:49:59.163408,2026-05-01 22:49:59.163408
493,269,26,99,31,12,7,3,21,32,10,36,84,25,17,15,23,2026-05-01 22:49:59.163408,2026-05-01 22:49:59.163408
494,270,25,123,38,11,8,10,24,36,12,44,86,32,23,14,24,2026-05-01 22:49:59.163408,2026-05-01 22:49:59.163408
495,270,30,88,30,9,7,2,16,22,5,32,87,22,19,15,28,2026-05-01 22:49:59.163408,2026-05-01 22:49:59.163408
496,271,19,102,28,8,4,9,19,29,9,37,86,28,19,10,18,2026-05-01 22:49:59.163408,2026-05-01 22:49:59.163408
497,271,11,134,37,22,9,8,33,44,18,49,105,21,18,6,17,2026-05-01 22:49:59.163408,2026-05-01 22:49:59.163408
498,272,21,111,27,12,10,0,21,28,10,35,75,38,31,13,22,2026-05-01 22:49:59.163408,2026-05-01 22:49:59.163408
499,272,20,100,26,15,8,3,19,35,15,36,82,17,13,18,25,2026-05-01 22:49:59.163408,2026-05-01 22:49:59.163408
500,273,8,116,34,6,11,4,31,40,19,43,86,12,11,11,18,2026-05-01 22:49:59.163408,2026-05-01 22:49:59.163408
501,273,10,93,32,9,9,2,29,42,14,35,83,11,9,13,18,2026-05-01 22:49:59.163408,2026-05-01 22:49:59.163408
502,274,17,95,28,9,9,5,22,46,14,38,87,6,5,18,18,2026-05-01 22:49:59.163408,2026-05-01 22:49:59.163408
503,274,27,127,32,9,13,2,35,35,14,49,89,20,15,11,6,2026-05-01 22:49:59.163408,2026-05-01 22:49:59.163408
504,275,18,87,25,13,8,4,18,43,9,27,85,33,24,14,13,2026-05-01 22:49:59.163408,2026-05-01 22:49:59.163408
505,275,9,109,42,10,11,9,28,26,10,43,82,17,13,19,24,2026-05-01 22:49:59.163408,2026-05-01 22:49:59.163408
506,276,4,114,32,21,4,1,18,55,17,36,96,32,25,9,22,2026-05-01 22:49:59.163408,2026-05-01 22:49:59.163408
507,276,23,118,34,7,7,5,19,34,16,40,82,29,22,9,25,2026-05-01 22:49:59.163408,2026-05-01 22:49:59.163408
508,277,1,123,27,13,10,3,34,41,16,45,89,22,17,13,12,2026-05-01 22:49:59.163408,2026-05-01 22:49:59.163408
509,277,26,113,26,16,7,1,27,32,12,45,93,13,11,15,18,2026-05-01 22:49:59.163408,2026-05-01 22:49:59.163408
510,278,15,125,27,10,17,3,31,38,12,50,107,17,13,14,32,2026-05-01 22:49:59.163408,2026-05-01 22:49:59.163408
511,278,5,124,43,10,8,11,26,33,10,41,82,43,32,23,20,2026-05-01 22:49:59.163408,2026-05-01 22:49:59.163408
512,279,24,134,39,21,8,6,29,53,17,52,104,21,13,12,17,2026-05-01 22:49:59.163408,2026-05-01 22:49:59.163408
513,279,29,109,31,11,8,4,30,23,10,43,92,19,13,14,18,2026-05-01 22:49:59.163408,2026-05-01 22:49:59.163408
514,280,12,113,35,10,6,4,34,36,16,43,87,15,11,20,24,2026-05-01 22:49:59.163408,2026-05-01 22:49:59.163408
515,280,13,114,30,16,12,4,20,34,13,41,96,27,19,11,19,2026-05-01 22:49:59.163408,2026-05-01 22:49:59.163408
516,281,2,109,39,13,0,4,26,35,14,38,81,23,19,15,20,2026-05-01 22:49:59.163408,2026-05-01 22:49:59.163408
517,281,1,102,25,10,6,4,23,42,15,34,87,24,19,4,21,2026-05-01 22:49:59.163408,2026-05-01 22:49:59.163408
518,283,21,131,43,15,9,9,29,45,14,47,101,31,23,9,19,2026-05-01 22:49:59.163408,2026-05-01 22:49:59.163408
519,283,5,113,37,10,4,5,25,47,15,41,98,21,16,12,21,2026-05-01 22:49:59.163408,2026-05-01 22:49:59.163408
520,284,6,149,39,7,9,1,38,41,19,52,97,31,26,9,26,2026-05-01 22:49:59.163408,2026-05-01 22:49:59.163408
521,284,16,128,34,11,5,4,25,46,15,40,91,38,33,13,22,2026-05-01 22:49:59.163408,2026-05-01 22:49:59.163408
522,285,15,109,25,14,11,3,28,37,13,40,91,18,16,11,20,2026-05-01 22:49:59.163408,2026-05-01 22:49:59.163408
523,285,11,119,36,21,9,7,30,33,12,44,93,26,19,14,14,2026-05-01 22:49:59.163408,2026-05-01 22:49:59.163408
524,286,28,119,33,13,8,8,36,28,10,48,93,18,13,13,24,2026-05-01 22:49:59.163408,2026-05-01 22:49:59.163408
525,286,19,106,28,15,7,8,21,28,7,39,93,25,21,13,18,2026-05-01 22:49:59.163408,2026-05-01 22:49:59.163408
526,287,8,135,35,15,5,4,34,48,19,45,95,32,26,14,17,2026-05-01 22:49:59.163408,2026-05-01 22:49:59.163408
527,287,29,129,34,9,10,4,34,33,9,53,95,19,14,10,24,2026-05-01 22:49:59.163408,2026-05-01 22:49:59.163408
528,288,10,131,34,9,5,3,32,44,19,44,85,31,24,12,14,2026-05-01 22:49:59.163408,2026-05-01 22:49:59.163408
529,288,30,126,33,5,5,3,29,42,18,50,95,10,8,11,23,2026-05-01 22:49:59.163408,2026-05-01 22:49:59.163408
530,289,25,93,34,14,8,7,16,30,8,31,79,33,23,24,23,2026-05-01 22:49:59.163408,2026-05-01 22:49:59.163408
531,289,7,100,30,7,12,5,24,24,7,36,81,30,21,17,22,2026-05-01 22:49:59.163408,2026-05-01 22:49:59.163408
532,290,14,116,42,6,9,9,18,25,11,38,70,42,29,13,16,2026-05-01 22:49:59.163408,2026-05-01 22:49:59.163408
533,290,3,99,27,12,11,2,24,39,10,40,96,15,9,14,28,2026-05-01 22:49:59.163408,2026-05-01 22:49:59.163408
534,291,9,129,37,8,9,6,34,28,15,48,85,23,18,17,18,2026-05-01 22:49:59.163408,2026-05-01 22:49:59.163408
535,291,19,108,26,16,12,7,26,25,9,44,95,24,11,15,20,2026-05-01 22:49:59.163408,2026-05-01 22:49:59.163408
536,292,22,121,29,7,2,2,22,27,13,40,74,32,28,12,14,2026-05-01 22:49:59.163408,2026-05-01 22:49:59.163408
537,292,26,117,26,9,7,3,30,33,14,45,88,16,13,9,24,2026-05-01 22:49:59.163408,2026-05-01 22:49:59.163408
538,293,4,114,31,12,5,4,28,41,16,41,78,20,16,16,19,2026-05-01 22:49:59.163408,2026-05-01 22:49:59.163408
539,293,20,103,19,5,8,2,26,29,11,42,82,9,8,10,21,2026-05-01 22:49:59.163408,2026-05-01 22:49:59.163408
540,294,9,129,29,14,12,5,33,33,9,52,102,19,16,14,20,2026-05-01 22:49:59.163408,2026-05-01 22:49:59.163408
541,294,1,130,32,18,8,1,31,52,18,50,105,17,12,20,19,2026-05-01 22:49:59.163408,2026-05-01 22:49:59.163408
542,295,23,157,36,9,9,10,34,47,22,57,103,28,21,8,24,2026-05-01 22:49:59.163408,2026-05-01 22:49:59.163408
543,295,5,137,38,10,3,3,30,47,15,48,98,31,26,13,21,2026-05-01 22:49:59.163408,2026-05-01 22:49:59.163408
544,296,12,130,29,5,7,2,35,39,16,48,86,23,18,18,25,2026-05-01 22:49:59.163408,2026-05-01 22:49:59.163408
545,296,14,137,32,7,15,4,30,23,9,50,89,34,28,13,22,2026-05-01 22:49:59.163408,2026-05-01 22:49:59.163408
546,297,2,119,36,7,5,4,25,41,18,38,81,29,25,13,21,2026-05-01 22:49:59.163408,2026-05-01 22:49:59.163408
547,297,21,109,31,4,7,3,17,37,12,38,80,26,21,7,22,2026-05-01 22:49:59.163408,2026-05-01 22:49:59.163408
548,298,6,103,32,8,4,1,26,37,12,35,81,24,21,14,21,2026-05-01 22:49:59.163408,2026-05-01 22:49:59.163408
549,298,16,120,35,5,11,3,31,45,18,42,81,22,18,12,17,2026-05-01 22:49:59.163408,2026-05-01 22:49:59.163408
550,299,15,98,30,3,8,3,26,50,16,34,86,20,14,12,18,2026-05-01 22:49:59.163408,2026-05-01 22:49:59.163408
551,299,27,123,46,13,7,9,36,46,16,46,89,22,15,14,17,2026-05-01 22:49:59.163408,2026-05-01 22:49:59.163408
552,300,29,110,29,11,11,8,34,29,7,45,96,25,13,14,17,2026-05-01 22:49:59.163408,2026-05-01 22:49:59.163408
553,300,30,133,43,13,12,4,27,32,13,52,94,24,16,18,26,2026-05-01 22:49:59.163408,2026-05-01 22:49:59.163408
554,301,18,110,33,16,11,12,27,37,13,45,108,10,7,15,23,2026-05-01 22:49:59.163408,2026-05-01 22:49:59.163408
555,301,11,108,37,17,6,10,26,29,9,38,93,25,23,20,15,2026-05-01 22:49:59.163408,2026-05-01 22:49:59.163408
556,302,8,142,40,5,1,1,36,38,19,50,89,29,23,9,27,2026-05-01 22:49:59.163408,2026-05-01 22:49:59.163408
557,302,7,135,32,10,3,3,31,35,12,48,97,34,27,4,22,2026-05-01 22:49:59.163408,2026-05-01 22:49:59.163408
558,303,10,109,35,8,11,3,21,27,9,36,68,36,28,26,22,2026-05-01 22:49:59.163408,2026-05-01 22:49:59.163408
559,303,3,106,22,5,17,2,24,33,12,39,81,21,16,17,30,2026-05-01 22:49:59.163408,2026-05-01 22:49:59.163408
560,304,25,130,39,15,11,11,30,41,19,42,80,33,27,20,13,2026-05-01 22:49:59.163408,2026-05-01 22:49:59.163408
561,304,17,99,21,13,12,3,22,45,14,36,89,20,13,16,25,2026-05-01 22:49:59.163408,2026-05-01 22:49:59.163408
562,305,13,119,39,10,7,12,24,35,16,42,82,24,19,10,14,2026-05-01 22:49:59.163408,2026-05-01 22:49:59.163408
563,305,28,94,31,15,8,4,28,29,10,40,96,11,4,11,20,2026-05-01 22:49:59.163408,2026-05-01 22:49:59.163408
564,306,4,134,45,12,7,5,32,55,26,48,94,16,12,13,16,2026-05-01 22:49:59.163408,2026-05-01 22:49:59.163408
565,306,26,90,25,10,4,3,27,28,9,37,91,11,7,12,15,2026-05-01 22:49:59.163408,2026-05-01 22:49:59.163408
566,307,20,121,32,9,5,4,29,33,13,44,85,22,20,9,18,2026-05-01 22:49:59.163408,2026-05-01 22:49:59.163408
567,307,19,116,28,6,5,3,33,34,15,45,88,13,11,7,19,2026-05-01 22:49:59.163408,2026-05-01 22:49:59.163408
568,308,6,136,27,6,7,4,24,30,12,49,81,29,26,8,22,2026-05-01 22:49:59.163408,2026-05-01 22:49:59.163408
569,308,22,131,26,13,6,2,27,39,14,41,84,38,35,9,23,2026-05-01 22:49:59.163408,2026-05-01 22:49:59.163408
570,309,24,123,31,10,6,5,24,47,17,39,89,37,28,3,20,2026-05-01 22:49:59.163408,2026-05-01 22:49:59.163408
571,309,8,125,36,14,2,2,35,32,13,45,88,30,22,9,27,2026-05-01 22:49:59.163408,2026-05-01 22:49:59.163408
572,310,9,113,26,11,6,4,31,26,11,40,88,24,22,11,23,2026-05-01 22:49:59.163408,2026-05-01 22:49:59.163408
573,310,14,110,30,9,6,6,27,29,8,38,79,31,26,12,18,2026-05-01 22:49:59.163408,2026-05-01 22:49:59.163408
574,311,22,126,27,9,5,1,29,34,12,48,94,24,18,11,18,2026-05-01 22:49:59.163408,2026-05-01 22:49:59.163408
575,311,12,128,29,6,5,4,32,35,16,45,82,24,22,7,21,2026-05-01 22:49:59.163408,2026-05-01 22:49:59.163408
576,312,23,103,32,12,10,3,29,46,17,41,94,9,4,16,12,2026-05-01 22:49:59.163408,2026-05-01 22:49:59.163408
577,312,21,123,37,11,6,10,33,41,18,48,90,10,9,15,15,2026-05-01 22:49:59.163408,2026-05-01 22:49:59.163408
578,313,16,111,31,7,11,8,29,52,16,38,95,20,19,12,19,2026-05-01 22:49:59.163408,2026-05-01 22:49:59.163408
579,313,5,136,45,17,7,9,33,43,15,48,101,28,25,15,18,2026-05-01 22:49:59.163408,2026-05-01 22:49:59.163408
580,314,1,146,32,12,12,6,37,54,25,49,92,25,23,11,19,2026-05-01 22:49:59.163408,2026-05-01 22:49:59.163408
581,314,15,107,28,6,9,4,20,43,14,35,83,26,23,21,20,2026-05-01 22:49:59.163408,2026-05-01 22:49:59.163408
582,315,5,132,38,7,8,4,30,38,19,45,90,28,23,14,21,2026-05-01 22:49:59.163408,2026-05-01 22:49:59.163408
583,315,11,124,33,8,8,7,27,41,11,49,92,24,15,17,18,2026-05-01 22:49:59.163408,2026-05-01 22:49:59.163408
584,316,29,127,30,9,9,6,25,36,13,39,83,43,36,15,19,2026-05-01 22:49:59.163408,2026-05-01 22:49:59.163408
585,316,28,143,29,6,12,10,49,37,20,54,88,28,15,15,30,2026-05-01 22:49:59.163408,2026-05-01 22:49:59.163408
586,317,7,131,21,5,13,3,37,36,16,51,87,20,13,21,23,2026-05-01 22:49:59.163408,2026-05-01 22:49:59.163408
587,317,10,137,32,17,16,4,39,47,17,51,101,24,18,24,25,2026-05-01 22:49:59.163408,2026-05-01 22:49:59.163408
588,318,25,134,37,8,10,8,28,38,18,44,80,40,28,22,24,2026-05-01 22:49:59.163408,2026-05-01 22:49:59.163408
589,318,3,99,26,6,11,3,22,29,8,33,80,29,25,22,33,2026-05-01 22:49:59.163408,2026-05-01 22:49:59.163408
590,319,13,129,30,4,13,6,30,38,17,47,81,18,18,12,18,2026-05-01 22:49:59.163408,2026-05-01 22:49:59.163408
591,319,17,96,27,11,6,2,29,41,16,37,84,9,6,22,17,2026-05-01 22:49:59.163408,2026-05-01 22:49:59.163408
592,320,9,113,39,9,7,7,29,23,10,41,86,29,21,12,19,2026-05-01 22:49:59.163408,2026-05-01 22:49:59.163408
593,320,18,108,35,5,8,8,22,42,13,38,86,25,19,14,20,2026-05-01 22:49:59.163408,2026-05-01 22:49:59.163408
594,321,4,127,36,11,7,4,27,49,18,48,93,15,13,10,19,2026-05-01 22:49:59.163408,2026-05-01 22:49:59.163408
595,321,24,107,22,9,4,5,22,39,16,42,91,10,7,12,21,2026-05-01 22:49:59.163408,2026-05-01 22:49:59.163408
596,322,21,139,37,13,12,5,32,42,19,55,102,13,10,10,18,2026-05-01 22:49:59.163408,2026-05-01 22:49:59.163408
597,322,14,96,30,8,8,5,20,30,7,34,79,27,21,18,10,2026-05-01 22:49:59.163408,2026-05-01 22:49:59.163408
598,323,25,118,31,14,11,7,27,51,20,42,92,18,14,13,17,2026-05-01 22:49:59.163408,2026-05-01 22:49:59.163408
599,323,19,106,32,12,9,5,25,23,9,38,84,26,21,19,21,2026-05-01 22:49:59.163408,2026-05-01 22:49:59.163408
600,324,10,111,34,12,11,5,25,44,12,41,94,20,17,12,20,2026-05-01 22:49:59.163408,2026-05-01 22:49:59.163408
601,324,6,118,36,10,7,1,28,36,16,42,82,26,18,15,14,2026-05-01 22:49:59.163408,2026-05-01 22:49:59.163408
602,325,13,99,28,10,8,3,20,27,5,40,93,18,14,10,18,2026-05-01 22:49:59.163408,2026-05-01 22:49:59.163408
603,325,27,118,38,10,7,2,30,31,12,47,88,14,12,14,21,2026-05-01 22:49:59.163408,2026-05-01 22:49:59.163408
604,326,4,129,36,12,8,7,31,49,24,46,96,15,13,9,18,2026-05-01 22:49:59.163408,2026-05-01 22:49:59.163408
605,326,12,108,34,11,5,1,29,36,15,43,93,10,7,11,18,2026-05-01 22:49:59.163408,2026-05-01 22:49:59.163408
606,327,23,115,44,9,7,12,27,26,9,41,82,28,24,15,16,2026-05-01 22:49:59.163408,2026-05-01 22:49:59.163408
607,327,18,103,30,13,8,4,21,43,14,38,101,20,13,12,21,2026-05-01 22:49:59.163408,2026-05-01 22:49:59.163408
608,329,3,107,30,3,10,4,24,28,12,39,79,20,17,18,21,2026-05-01 22:49:59.163408,2026-05-01 22:49:59.163408
609,329,1,141,33,8,11,9,36,39,20,51,90,24,19,13,18,2026-05-01 22:49:59.163408,2026-05-01 22:49:59.163408
610,330,20,136,41,13,11,3,30,39,15,48,91,28,25,8,21,2026-05-01 22:49:59.163408,2026-05-01 22:49:59.163408
611,330,5,96,27,9,4,2,24,35,11,35,81,26,15,16,23,2026-05-01 22:49:59.163408,2026-05-01 22:49:59.163408
612,331,11,140,36,10,8,5,30,32,15,51,92,30,23,10,18,2026-05-01 22:49:59.163408,2026-05-01 22:49:59.163408
613,331,29,106,28,17,7,4,22,27,5,43,96,22,15,13,21,2026-05-01 22:49:59.163408,2026-05-01 22:49:59.163408
614,334,15,96,25,13,6,3,14,42,11,34,85,26,17,20,31,2026-05-01 22:49:59.163408,2026-05-01 22:49:59.163408
615,334,28,128,34,17,10,6,31,24,9,44,84,41,31,14,21,2026-05-01 22:49:59.163408,2026-05-01 22:49:59.163408
616,335,17,101,22,8,5,4,24,47,21,35,83,13,10,13,21,2026-05-01 22:49:59.163408,2026-05-01 22:49:59.163408
617,335,2,133,38,10,7,4,33,37,17,50,89,19,16,8,13,2026-05-01 22:49:59.163408,2026-05-01 22:49:59.163408
618,336,7,127,30,11,9,5,25,42,14,44,95,31,25,13,24,2026-05-01 22:49:59.163408,2026-05-01 22:49:59.163408
619,336,22,138,36,7,10,1,35,26,14,47,84,37,30,16,25,2026-05-01 22:49:59.163408,2026-05-01 22:49:59.163408
620,337,26,117,34,12,7,6,29,33,10,46,90,20,15,14,16,2026-05-01 22:49:59.163408,2026-05-01 22:49:59.163408
621,337,19,113,29,7,12,3,24,34,14,40,84,21,19,13,18,2026-05-01 22:49:59.163408,2026-05-01 22:49:59.163408
622,338,16,152,39,10,6,11,42,39,17,54,93,34,27,14,17,2026-05-01 22:49:59.163408,2026-05-01 22:49:59.163408
623,338,30,136,27,17,12,5,28,40,17,50,106,24,19,9,25,2026-05-01 22:49:59.163408,2026-05-01 22:49:59.163408
624,339,8,136,36,8,5,6,34,46,19,49,101,22,19,6,22,2026-05-01 22:49:59.163408,2026-05-01 22:49:59.163408
625,339,27,134,38,12,5,6,29,45,15,47,101,27,25,10,22,2026-05-01 22:49:59.163408,2026-05-01 22:49:59.163408
626,340,23,93,23,10,8,2,17,29,8,35,79,19,15,15,17,2026-05-01 22:49:59.163408,2026-05-01 22:49:59.163408
627,340,9,116,29,16,12,4,33,28,11,43,87,24,19,11,15,2026-05-01 22:49:59.163408,2026-05-01 22:49:59.163408